NAME,LENGTH,SOURCE
Old Carriage Trail,1,CVNP
Stanford Trail,1,CVNP
Brandywine Gorge Trail,1,CVNP
Brandywine Falls Trail,1,CVNP
Blue Hen Falls Trail,1,CVNP
Haskell Run Trail,1,CVNP
Boston Run Trail,1,CVNP
Ledges Trail,1,CVNP
Pine Grove Trail,1,CVNP
Forest Point Trail,1,CVNP
Crosscountry Trail,1,CVNP
Lake Trail,1,CVNP
Salt Run Trail,1,CVNP
Tree Farm Trail,1,CVNP
Oak Hill Trail,1,CVNP
Plateau Trail,1,CVNP
All Purpose Trail - Bedford Reservation,1,CVNP
Bridal Veil Falls Trail,1,CVNP
Hemlock Creek Loop Trail,1,CVNP
All Purpose Trail - Brecksville Reservation,1,CVNP
Chippewa Creek Trail,1,CVNP
My Mountain Trail,1,CVNP
Scenic Overlook Trail,1,CVNP
Valley Stream Trail,1,CVNP
Deer Lick Cave Trail,1,CVNP
Wetmore Trail,1,CVNP
Dickerson Run Trail,1,CVNP
Tabletop Trail,1,CVNP
Langes Run Trail,1,CVNP
Butler's Trail,1,CVNP
Valley Trail,1,CVNP
Riding Run Trail,1,CVNP
Perkins Trail,1,CVNP
Bridle Trail - Brecksville Reservation,1,CVNP
Ohio & Erie Canal Towpath Trail,1,NONE
